{"cameraMode":{"drawMode":0,"name":"Shaded","section":"Shading Mode"},"sceneLighting":false,"audioPlay":false,"sceneViewState":{"m_AlwaysRefresh":false,"showFog":true,"showSkybox":false,"showFlares":true,"showImageEffects":true,"showParticleSystems":true,"showVisualEffectGraphs":true,"m_FxEnabled":true},"in2DMode":false,"pivot":{"x":-0.09470957517623902,"y":0.1796267330646515,"z":-0.000011007269677065779},"rotation":{"x":-0.03195144981145859,"y":-0.2818673253059387,"z":0.009393146261572838,"w":-0.9588772654533386},"size":2.4465091228485109,"orthographic":false}